ContactGuid,FirstName,MiddleName,LastName,Gender,ContactType,JobTitle,PhoneNumber,AltPhoneNumber,EmailAddress,AltEmailAddress,Notes,IsActive,IsDeleted,CreatedOn,CreatedBy,UpdatedOn,UpdatedBy,CustomerGuid
{3403E307-3E5A-4A5E-83B2-00A011486340},Test,,Contact,,{B4E50D03-A328-49F0-8BA4-2E9914264445},,,,,,,1,0,2019-06-06 12:20:18.950000000,{9E522286-0A7D-4461-8BDE-1A5DC7A60308},2019-06-06 12:20:18.950000000,{9E522286-0A7D-4461-8BDE-1A5DC7A60308},{114FF15A-87B5-4D7B-A767-4A99D9F2CF89}
{30549D66-C8F0-43BC-B9C1-00F16DDFD65E},First,,Test,Male,{B4E50D03-A328-49F0-8BA4-2E9914264445},Some Job Title,54521,,saryadfdfdfd,,dfsdfsdfad,1,0,2019-03-12 21:49:05.627000000,{30549D66-C8F0-43BC-B9C1-00F16DDFD65E},2019-03-12 21:49:05.627000000,{30549D66-C8F0-43BC-B9C1-00F16DDFD65E},{BBA279C7-B6B0-4B97-BA97-6B98C5EC169A}
{2A5A926D-6D60-41C2-AB59-01F89F6DDFF0},Test 123 Rep,,Test,,{B4E50D03-A328-49F0-8BA4-2E9914264445},,,,,,,1,0,2019-06-05 09:56:10.487000000,{73526DCB-3D7E-48C0-B4A0-4BE20AE3F85C},2019-06-05 09:56:10.487000000,{73526DCB-3D7E-48C0-B4A0-4BE20AE3F85C},{39348714-4419-4885-97A0-95CB63247D63}
{ACCAD458-9170-4D78-9C2E-141E8C8EA683},asdf,,asdf,Male,{B4E50D03-A328-49F0-8BA4-2E9914264445},asd,asdf,,a@g.com,,,1,0,2019-03-19 14:39:44.697000000,{ACCAD458-9170-4D78-9C2E-141E8C8EA683},2019-03-19 14:39:44.697000000,{ACCAD458-9170-4D78-9C2E-141E8C8EA683},{7FBF5E96-7F25-437F-9649-75954C6226E0}
{8607F943-10B9-4E01-A48C-18D4E9E0D9FD},Ashish,,Pokhrel,,{6423D75E-5C08-4D7B-9C39-AA0845D39577},,,,,,,1,0,2019-06-28 02:54:52.813000000,{920EA36E-911C-4345-8BE5-29C190C8E5C5},2019-06-28 02:54:52.813000000,{920EA36E-911C-4345-8BE5-29C190C8E5C5},{4AD0869F-4184-421D-95A2-CA2A83434ADD}
{B2BEDCC7-9E07-414D-A1B0-1C98C6F9A35E},yo,,sa,Male,{B4E50D03-A328-49F0-8BA4-2E9914264445},as,569195,,asd@gg.com,,asdsad,1,0,2019-03-12 17:49:54.587000000,{B2BEDCC7-9E07-414D-A1B0-1C98C6F9A35E},2019-03-12 17:52:59.760000000,{50FAB585-C32A-4D89-B642-012E34B96D2D},{BBA279C7-B6B0-4B97-BA97-6B98C5EC169A}
{0E9FF3CA-E5B3-484F-9574-1F45F0496E0D},Santosh,,Aryal,Male,{B4E50D03-A328-49F0-8BA4-2E9914264445},Some Job title,662-801-9451,,saryal@xylontech.com,,Some Notes About this customer contact,1,0,2019-03-19 00:58:31.503000000,{0E9FF3CA-E5B3-484F-9574-1F45F0496E0D},2019-03-19 00:58:31.503000000,{0E9FF3CA-E5B3-484F-9574-1F45F0496E0D},{373F147D-608E-4D8C-A859-756F0626E702}
{FEC15BB6-41C0-415B-B8DA-20A18F1A17F2},asdfasdfa,sdaf,asdfasdf,Male,{B4E50D03-A328-49F0-8BA4-2E9914264445},adsf,asfasdf,asdfasdf,asdfasdf@dasf.com,asdfasdf@dasfa.com,asdfasdf,1,0,2019-03-19 13:51:33.467000000,{FEC15BB6-41C0-415B-B8DA-20A18F1A17F2},2019-03-19 13:51:33.467000000,{FEC15BB6-41C0-415B-B8DA-20A18F1A17F2},{F5223981-6BFD-4CEF-8F00-8375DEEFC36D}
{8A954C60-3CE2-4A8B-8DCE-21C806FD5EEF},Richard,,Atterbury,Male,{B4E50D03-A328-49F0-8BA4-2E9914264445},Unknown,2085335037,,test@xylontech.com,,,1,0,2019-04-09 11:43:13.033000000,{8A954C60-3CE2-4A8B-8DCE-21C806FD5EEF},2019-04-09 11:43:13.033000000,{8A954C60-3CE2-4A8B-8DCE-21C806FD5EEF},{C76EC759-633B-4853-974E-BDC8CF787540}
{2D4F5DF8-198F-4180-9F4E-27070D18BDE2},John,,Doe,Male,{B4E50D03-A328-49F0-8BA4-2E9914264445},Contract Administrator,425-9000-8907 x 3451,,,,,1,0,2019-04-15 10:48:26.187000000,{2D4F5DF8-198F-4180-9F4E-27070D18BDE2},2019-04-15 10:48:26.187000000,{2D4F5DF8-198F-4180-9F4E-27070D18BDE2},{C76EC759-633B-4853-974E-BDC8CF787540}
{3A4E9E8A-F4F6-4D91-81FF-27B30863D13C},Ashish,,Thakuri,Male,{B4E50D03-A328-49F0-8BA4-2E9914264445},dev,,,,,,1,0,2019-05-24 06:13:57.267000000,{E6BC6CD3-752C-465A-AC3C-130AFAFBDEB6},2019-05-24 06:13:57.267000000,{927D7EEE-AEF1-4016-A8DB-F1C6553A8EEF},{C24FCB72-012F-4490-B6D9-7B392533B6DD}
{ABBA3706-F5B6-47E9-B070-27CD05D849E6},John,,Jemmette,Male,{833751F9-7F50-4AD6-977A-9900B6D296C5},Some Job Title,6628019451,,,,,1,0,2019-04-04 10:06:21.533000000,{ABBA3706-F5B6-47E9-B070-27CD05D849E6},2019-04-04 10:06:21.533000000,{ABBA3706-F5B6-47E9-B070-27CD05D849E6},{5F3188FE-E70C-4738-9586-4903D5C322AF}
{CC70F831-8268-41FC-968B-28BEAD7F5290},k,a,l,Male,{B4E50D03-A328-49F0-8BA4-2E9914264445},job titlt,498849,,as@g.com,,asdsadsad,1,0,2019-03-11 15:26:57.227000000,{CC70F831-8268-41FC-968B-28BEAD7F5290},2019-03-11 15:26:57.227000000,{CC70F831-8268-41FC-968B-28BEAD7F5290},{BBA279C7-B6B0-4B97-BA97-6B98C5EC169A}
{015B232E-7CD5-41C0-9F9C-30FA4CE61227},dsf,,fdsf,Male,{6423D75E-5C08-4D7B-9C39-AA0845D39577},sdfw,,,,,,1,0,2019-05-24 06:02:41.747000000,{328082DD-1612-4B4D-A5E8-7D52E465B398},2019-05-24 06:02:41.747000000,{E0542DDB-B580-49EA-8792-722D95C9C435},{3108F46F-F639-477A-951A-EAB7F1C3CEBD}
{4155C9F1-54D9-4868-A25B-311FBFF1D048},test,,user,Male,{B4E50D03-A328-49F0-8BA4-2E9914264445},ttt,6512,asd,asd@g.com,,asdasd,1,0,2019-03-26 14:03:29.493000000,{4155C9F1-54D9-4868-A25B-311FBFF1D048},2019-03-26 14:03:29.493000000,{4155C9F1-54D9-4868-A25B-311FBFF1D048},{436BDAC1-C58C-4D61-A6F3-12F7BD162124}
{26A8D967-2F3E-4E6F-B4FE-3C44249C9D8C},Poog,,Loookd,Others,{833751F9-7F50-4AD6-977A-9900B6D296C5},Technical poog,,,,,,1,0,2019-05-30 03:43:02.157000000,{920EA36E-911C-4345-8BE5-29C190C8E5C5},2019-05-30 03:43:02.157000000,{920EA36E-911C-4345-8BE5-29C190C8E5C5},{5D2386A2-ACAB-43E6-B0C7-0DFB60D83886}
{4FC1ECAF-0382-4BB9-809A-3DD75EE15163},Jason,,Greer,Male,{B4E50D03-A328-49F0-8BA4-2E9914264445},Contract Administrator,8009007654,,,,,1,0,2019-04-14 20:03:16.403000000,{4FC1ECAF-0382-4BB9-809A-3DD75EE15163},2019-04-14 20:03:16.403000000,{4FC1ECAF-0382-4BB9-809A-3DD75EE15163},{BC630631-ADA7-440A-BDFE-4F66B4797127}
{FC8AAA46-0E9B-4D1D-8A2E-3E0E500283FB},asdsad,,asdasd,Male,{B4E50D03-A328-49F0-8BA4-2E9914264445},asdasd,,,,,,1,0,2019-05-30 04:22:27.520000000,{920EA36E-911C-4345-8BE5-29C190C8E5C5},2019-05-30 04:22:27.520000000,{920EA36E-911C-4345-8BE5-29C190C8E5C5},{C76EC759-633B-4853-974E-BDC8CF787540}
{EA487B78-1339-486C-85D6-422972A9416F},Ashish,,Pokhrel,,{833751F9-7F50-4AD6-977A-9900B6D296C5},,,,,,,1,0,2019-06-05 00:40:06.067000000,{920EA36E-911C-4345-8BE5-29C190C8E5C5},2019-06-05 00:40:06.067000000,{920EA36E-911C-4345-8BE5-29C190C8E5C5},{4DE875D6-035A-4F99-8901-3B98F53A8A61}
{C253912D-D523-4B96-BABE-45B6867F5E77},Ashish,s,Pokhrel,Male,{833751F9-7F50-4AD6-977A-9900B6D296C5},llsad,4564545,4654,s@g.com,a@g.com,dasdas,1,0,2019-03-07 00:00:00,{C253912D-D523-4B96-BABE-45B6867F5E77},2019-03-07 00:00:00,{C253912D-D523-4B96-BABE-45B6867F5E77},{BBA279C7-B6B0-4B97-BA97-6B98C5EC169A}
{943DBCE6-353B-4671-A806-4709E2CF67E9},test1,test2,test3,Male,{833751F9-7F50-4AD6-977A-9900B6D296C5},tt,445,,a@a.com,,,1,0,2019-03-19 22:13:09.233000000,{943DBCE6-353B-4671-A806-4709E2CF67E9},2019-03-19 22:13:09.233000000,{943DBCE6-353B-4671-A806-4709E2CF67E9},{373F147D-608E-4D8C-A859-756F0626E702}
{F9FDA8C5-9C07-4603-B548-477D14322644},fsd,,sd,Female,{B4E50D03-A328-49F0-8BA4-2E9914264445},sdsd,454545,,,,,1,0,2019-04-11 15:16:12.077000000,{F9FDA8C5-9C07-4603-B548-477D14322644},2019-04-11 15:16:12.077000000,{F9FDA8C5-9C07-4603-B548-477D14322644},{F16B93D7-F6DD-4981-8E82-E29A755BC0F7}
{A708E1E2-DA34-4279-BCB0-4A8FD4E3AA38},Ashish,,Denieal,,{B4E50D03-A328-49F0-8BA4-2E9914264445},,,,,,,1,0,2019-06-05 00:39:47.590000000,{920EA36E-911C-4345-8BE5-29C190C8E5C5},2019-06-05 00:39:47.590000000,{920EA36E-911C-4345-8BE5-29C190C8E5C5},{4DE875D6-035A-4F99-8901-3B98F53A8A61}
{0CA90C64-5973-4A70-8203-4FF73A971DAB},asd,,asdf,Female,{B4E50D03-A328-49F0-8BA4-2E9914264445},adsfadsfasdf,sadf,,a@h.com,,,1,0,2019-03-19 15:04:54.643000000,{0CA90C64-5973-4A70-8203-4FF73A971DAB},2019-03-19 15:04:54.643000000,{0CA90C64-5973-4A70-8203-4FF73A971DAB},{5FD7A722-9652-43A0-AAF6-58060CFD18D2}
{D28602E2-9744-4BB8-A089-513F3607CB79},as,,ds,Male,{B4E50D03-A328-49F0-8BA4-2E9914264445},12,12,,,,,1,0,2019-04-03 14:29:50.940000000,{D28602E2-9744-4BB8-A089-513F3607CB79},2019-04-03 14:29:50.940000000,{D28602E2-9744-4BB8-A089-513F3607CB79},{E93E62C9-E1CA-4EAE-BBAB-AADF2DF9F621}
{76981A85-DD27-4402-8E11-5202339C86E8},we,,d,Female,{833751F9-7F50-4AD6-977A-9900B6D296C5},e,er,,,,,1,0,2019-04-03 14:30:15.787000000,{76981A85-DD27-4402-8E11-5202339C86E8},2019-04-03 14:30:15.787000000,{76981A85-DD27-4402-8E11-5202339C86E8},{E93E62C9-E1CA-4EAE-BBAB-AADF2DF9F621}
{E8086A64-2C8C-42CA-8722-53230C104534},test,,test,Male,{B4E50D03-A328-49F0-8BA4-2E9914264445},tt,3434,,t@tc.om,,,1,0,2019-03-26 10:17:46.010000000,{E8086A64-2C8C-42CA-8722-53230C104534},2019-03-26 10:17:46.010000000,{E8086A64-2C8C-42CA-8722-53230C104534},{97C8130D-4579-4D08-BADF-A4E44E4849AC}
{F11486C7-9FC1-4CD6-B8C7-562FC56B1228},fggf,,fgf,Female,{B4E50D03-A328-49F0-8BA4-2E9914264445},fgf,45657655645,,,,,1,0,2019-04-11 15:30:50.373000000,{F11486C7-9FC1-4CD6-B8C7-562FC56B1228},2019-04-11 15:32:04.627000000,{50FAB585-C32A-4D89-B642-012E34B96D2D},{2FB790CB-6691-4D03-A733-CF4CC2D6773C}
{A188E838-9CD4-4AF1-8A7D-59A98B5E0D3B},gfgh,,fghg,Female,{B4E50D03-A328-49F0-8BA4-2E9914264445},fghfgh,4545,,,,,1,0,2019-04-11 15:30:14.933000000,{A188E838-9CD4-4AF1-8A7D-59A98B5E0D3B},2019-04-11 15:30:14.933000000,{A188E838-9CD4-4AF1-8A7D-59A98B5E0D3B},{E93E62C9-E1CA-4EAE-BBAB-AADF2DF9F621}
{E285B0EA-76D4-4900-9413-5A89F45F7D6F},adsf,,asdf,Male,{B4E50D03-A328-49F0-8BA4-2E9914264445},adsf,adsf,,a@g.com,,,1,0,2019-03-19 14:40:25.907000000,{E285B0EA-76D4-4900-9413-5A89F45F7D6F},2019-03-19 14:40:25.907000000,{E285B0EA-76D4-4900-9413-5A89F45F7D6F},{7FBF5E96-7F25-437F-9649-75954C6226E0}
{42BA6963-D0BA-4819-8763-5A9D53E6F159},Ashish,,Denieal,Male,{6423D75E-5C08-4D7B-9C39-AA0845D39577},demo,,,,,,1,0,2019-06-03 22:16:17.670000000,{920EA36E-911C-4345-8BE5-29C190C8E5C5},2019-06-03 22:16:17.670000000,{920EA36E-911C-4345-8BE5-29C190C8E5C5},{422122E3-FFAD-4C63-8043-0630F1E9F3B1}
{8B24EEFB-8425-4EF8-901D-66861DEDF56A},test,test,test,Male,{B4E50D03-A328-49F0-8BA4-2E9914264445},test,,,,,,1,0,2019-05-30 03:38:06.723000000,{920EA36E-911C-4345-8BE5-29C190C8E5C5},2019-05-30 03:38:06.723000000,{920EA36E-911C-4345-8BE5-29C190C8E5C5},{2A167240-BCB8-4EDF-9354-C95627047D74}
{A049A457-FEBC-4330-A69B-6E66CC7F0361},fine,,al,Others,{6423D75E-5C08-4D7B-9C39-AA0845D39577},asad,661665,,asd@g.com,,asdsadsadsad,1,0,2019-03-12 10:11:25.227000000,{A049A457-FEBC-4330-A69B-6E66CC7F0361},2019-03-12 15:59:49.277000000,{50FAB585-C32A-4D89-B642-012E34B96D2D},{BBA279C7-B6B0-4B97-BA97-6B98C5EC169A}
{1064AA61-1E1F-4949-A929-7600037FFBE6},123123,,123123,Female,{833751F9-7F50-4AD6-977A-9900B6D296C5},123,123123,,asdf@a.com,,,1,0,2019-03-19 14:41:31.953000000,{1064AA61-1E1F-4949-A929-7600037FFBE6},2019-03-19 14:41:31.953000000,{1064AA61-1E1F-4949-A929-7600037FFBE6},{7FBF5E96-7F25-437F-9649-75954C6226E0}
{31954448-1F0C-45F0-B4AF-77790E9564DA},Ashish,,Denieal,Male,{833751F9-7F50-4AD6-977A-9900B6D296C5},demo two,,,,,,1,0,2019-06-03 22:12:14.397000000,{920EA36E-911C-4345-8BE5-29C190C8E5C5},2019-06-03 22:12:14.397000000,{920EA36E-911C-4345-8BE5-29C190C8E5C5},{90CE4472-1D79-464A-8120-091F470C9109}
{784CD314-642E-485B-8C05-7807762DAC6A},Ashish,,Denieal,,{6423D75E-5C08-4D7B-9C39-AA0845D39577},,,,,,,1,0,2019-06-05 00:30:31.470000000,{920EA36E-911C-4345-8BE5-29C190C8E5C5},2019-06-05 00:30:31.470000000,{920EA36E-911C-4345-8BE5-29C190C8E5C5},{7FF42054-B78A-48D7-AAFC-82D43B158667}
{98AD4108-9C02-44DD-B82E-7BD08BDFDCC3},Ashish,,Pokhrel,,{6423D75E-5C08-4D7B-9C39-AA0845D39577},,,,,,,1,0,2019-06-05 22:34:16.170000000,{920EA36E-911C-4345-8BE5-29C190C8E5C5},2019-06-05 22:34:16.170000000,{920EA36E-911C-4345-8BE5-29C190C8E5C5},{EDCAE7B6-8161-455C-AC5D-99B0EA8F2056}
{A5619BC9-A5D9-456E-94EE-7F942129DD45},Henry,,Giles,Male,{B4E50D03-A328-49F0-8BA4-2E9914264445},Secretary,2255550187,,,,,1,0,2019-04-15 16:40:15.087000000,{A5619BC9-A5D9-456E-94EE-7F942129DD45},2019-04-15 16:40:15.087000000,{A5619BC9-A5D9-456E-94EE-7F942129DD45},{BEE9272B-1E8D-4ACF-99C8-E7F39D244D21}
{709F8A73-FB09-4119-9972-8166C1FC81EF},Roge,,Poge,Female,{B4E50D03-A328-49F0-8BA4-2E9914264445},New job,213413453,,,,,1,0,2019-05-30 03:42:38.590000000,{920EA36E-911C-4345-8BE5-29C190C8E5C5},2019-05-30 03:42:38.590000000,{920EA36E-911C-4345-8BE5-29C190C8E5C5},{5D2386A2-ACAB-43E6-B0C7-0DFB60D83886}
{DC3CB22F-DCFE-472C-A723-84D19208DD08},Sima,,Pokhrel,Female,{B4E50D03-A328-49F0-8BA4-2E9914264445},demo job,,,,,,1,0,2019-06-03 22:09:29.193000000,{920EA36E-911C-4345-8BE5-29C190C8E5C5},2019-06-03 22:09:29.193000000,{920EA36E-911C-4345-8BE5-29C190C8E5C5},{AC29F171-ACDB-4BA8-91C9-0203767BCF3D}
{8AFC855F-4AD1-4E48-9279-876C3CD082DA},Jacob,,Nelson,Male,{B4E50D03-A328-49F0-8BA4-2E9914264445},Chief Officer,2025550101,,,,,1,0,2019-04-15 16:26:19.217000000,{8AFC855F-4AD1-4E48-9279-876C3CD082DA},2019-04-15 16:26:19.217000000,{8AFC855F-4AD1-4E48-9279-876C3CD082DA},{3E71C0BB-6A2B-4978-9DA0-C933DB062762}
{C5929874-4D05-4CEF-9150-87C339C0DE58},hjjh,,jkjk,Others,{B4E50D03-A328-49F0-8BA4-2E9914264445},jhkjhk,444545,,,,,1,0,2019-04-11 15:16:44.083000000,{C5929874-4D05-4CEF-9150-87C339C0DE58},2019-04-11 15:16:44.083000000,{C5929874-4D05-4CEF-9150-87C339C0DE58},{F16B93D7-F6DD-4981-8E82-E29A755BC0F7}
{C955C050-713E-4685-98BB-8888A4FF2D7A},abc,,abc,,{6423D75E-5C08-4D7B-9C39-AA0845D39577},,9803586965,59955,A@A.COM,B@G.COM,test,1,0,2019-06-04 13:44:14.937000000,{920EA36E-911C-4345-8BE5-29C190C8E5C5},2019-06-04 13:44:14.937000000,{920EA36E-911C-4345-8BE5-29C190C8E5C5},{44CCB49B-B1EF-4141-8A03-FC44FB6386FD}
{082FC578-70D7-465D-94EF-8B3AD04A1A94},Santosh,B,Aryal,Male,{833751F9-7F50-4AD6-977A-9900B6D296C5},Test Job Title,9090,9090,saryal@xylontech.com,,This is not required,1,0,2019-03-12 21:44:34.443000000,{082FC578-70D7-465D-94EF-8B3AD04A1A94},2019-03-12 21:44:34.443000000,{082FC578-70D7-465D-94EF-8B3AD04A1A94},{BBA279C7-B6B0-4B97-BA97-6B98C5EC169A}
{7EE4C3A3-ED64-4CDD-BC62-8C9A8FA427F2},Ivan,,Leung,Male,{833751F9-7F50-4AD6-977A-9900B6D296C5},Some Job Title,6628019451,,,,,1,0,2019-04-04 10:05:37.377000000,{7EE4C3A3-ED64-4CDD-BC62-8C9A8FA427F2},2019-04-04 10:05:37.377000000,{7EE4C3A3-ED64-4CDD-BC62-8C9A8FA427F2},{5F3188FE-E70C-4738-9586-4903D5C322AF}
{0174E0F4-0FA8-4718-B5D7-8F2F1F453173},don,,ass,Male,{833751F9-7F50-4AD6-977A-9900B6D296C5},asda,6465465,,,,,1,0,2019-04-11 15:24:52.307000000,{0174E0F4-0FA8-4718-B5D7-8F2F1F453173},2019-04-11 15:24:52.307000000,{0174E0F4-0FA8-4718-B5D7-8F2F1F453173},{C76EC759-633B-4853-974E-BDC8CF787540}
{2DFA0FF9-119F-466F-B5AA-8FC7CB747B23},t1,dfdf,dff,Male,{833751F9-7F50-4AD6-977A-9900B6D296C5},test,323,223,a@a.com,,,1,0,2019-03-18 21:45:15.747000000,{2DFA0FF9-119F-466F-B5AA-8FC7CB747B23},2019-03-18 21:45:15.747000000,{2DFA0FF9-119F-466F-B5AA-8FC7CB747B23},{243BB50B-0F3C-4941-A5CF-FDCB5779C7EB}
{774B0EC8-8CA1-4A0F-B6D1-910E334A7834},tedtt,dstasdas,sdt,Female,{B4E50D03-A328-49F0-8BA4-2E9914264445},sdt,99898,999979,a@g.com,a@g.com,sadsadasd,0,0,2019-03-08 11:56:40.623000000,{774B0EC8-8CA1-4A0F-B6D1-910E334A7834},2019-03-08 12:34:10.530000000,{50FAB585-C32A-4D89-B642-012E34B96D2D},{BBA279C7-B6B0-4B97-BA97-6B98C5EC169A}
{CDF52C7A-5600-47EE-AD3E-92EE2325304F},ttttt,tttt,tttt,Male,{B4E50D03-A328-49F0-8BA4-2E9914264445},3333,3343434343,,,,,1,0,2019-04-09 16:13:00.547000000,{CDF52C7A-5600-47EE-AD3E-92EE2325304F},2019-04-09 16:13:00.547000000,{CDF52C7A-5600-47EE-AD3E-92EE2325304F},{436BDAC1-C58C-4D61-A6F3-12F7BD162124}
{1A9964BA-A5B2-499C-85DC-9590146763B2},test1``,,test1``,Male,{833751F9-7F50-4AD6-977A-9900B6D296C5},erwer,3434,,t@t.com,,,1,0,2019-03-26 10:18:11.067000000,{1A9964BA-A5B2-499C-85DC-9590146763B2},2019-03-26 10:18:11.067000000,{1A9964BA-A5B2-499C-85DC-9590146763B2},{97C8130D-4579-4D08-BADF-A4E44E4849AC}
{0404741B-B7AC-441E-9E9F-95C48A214B4A},Jack,Bryan,Nicolson,,{B4E50D03-A328-49F0-8BA4-2E9914264445},,+9876492321,+9876492332,Email@Address.com,Email@Address2.com,Notes,1,0,2019-06-05 03:04:16.870000000,{920EA36E-911C-4345-8BE5-29C190C8E5C5},2019-06-05 03:04:16.870000000,{920EA36E-911C-4345-8BE5-29C190C8E5C5},{44CCB49B-B1EF-4141-8A03-FC44FB6386FD}
{FDBAD40C-4533-48AB-9226-980387B916C9},Contact's,name,name,Male,{833751F9-7F50-4AD6-977A-9900B6D296C5},title,98451165,,,,,1,0,2019-04-12 14:17:52.657000000,{FDBAD40C-4533-48AB-9226-980387B916C9},2019-04-12 14:17:52.657000000,{FDBAD40C-4533-48AB-9226-980387B916C9},{0C88DE3A-09E3-42CD-A2EF-B843B785DDC2}
{39FD0A42-A9EE-416B-9ABA-98D7A9F7E1A4},gs,,sdg,Male,{B4E50D03-A328-49F0-8BA4-2E9914264445},dsg,98488,,asd@g.com,,asdsad,1,0,2019-03-12 10:57:24.393000000,{39FD0A42-A9EE-416B-9ABA-98D7A9F7E1A4},2019-03-12 10:57:24.393000000,{39FD0A42-A9EE-416B-9ABA-98D7A9F7E1A4},{BBA279C7-B6B0-4B97-BA97-6B98C5EC169A}
{07B7EDDF-79E7-4FA2-B057-9924114CFFBA},asdg,asdg,asdg,Male,{B4E50D03-A328-49F0-8BA4-2E9914264445},asdg,asdg,asdg,adsg.asdf.com,,,1,0,2019-03-19 13:57:17.357000000,{07B7EDDF-79E7-4FA2-B057-9924114CFFBA},2019-03-19 13:57:17.357000000,{07B7EDDF-79E7-4FA2-B057-9924114CFFBA},{BDEBD2BC-59B9-46D2-94AC-33BFEEBE07C2}
{8D840AA7-FC95-4F29-89CC-9D2814E35B39},ashai,,assada,Male,{B4E50D03-A328-49F0-8BA4-2E9914264445},new job,63728194,726482923,new@old.new,old@new.old,notes with the required description,1,0,2019-04-11 14:43:30.133000000,{8D840AA7-FC95-4F29-89CC-9D2814E35B39},2019-04-12 14:22:19.530000000,{50FAB585-C32A-4D89-B642-012E34B96D2D},{C76EC759-633B-4853-974E-BDC8CF787540}
{68A35B12-1DD1-478E-8816-A06105A87A3C},Ashish,,Pokhrel,,{6423D75E-5C08-4D7B-9C39-AA0845D39577},,,,,,,1,0,2019-06-11 22:44:53.553000000,{920EA36E-911C-4345-8BE5-29C190C8E5C5},2019-06-11 22:44:53.553000000,{920EA36E-911C-4345-8BE5-29C190C8E5C5},{422122E3-FFAD-4C63-8043-0630F1E9F3B1}
{6C6C0C5F-3F3E-4488-A0C2-A48FF73EC3E3},asdfa,,asdaa,Male,{833751F9-7F50-4AD6-977A-9900B6D296C5},a,d,,c@v.com,,,1,0,2019-03-19 15:05:16.143000000,{6C6C0C5F-3F3E-4488-A0C2-A48FF73EC3E3},2019-03-19 15:05:16.143000000,{6C6C0C5F-3F3E-4488-A0C2-A48FF73EC3E3},{5FD7A722-9652-43A0-AAF6-58060CFD18D2}
{9A2AC630-D60E-44A5-8082-A5A372DBD790},k,,lo,Male,{B4E50D03-A328-49F0-8BA4-2E9914264445},sasdsa,2122,,asd@g.com,,asdasd,1,0,2019-03-19 14:49:39.923000000,{9A2AC630-D60E-44A5-8082-A5A372DBD790},2019-03-19 14:49:39.923000000,{9A2AC630-D60E-44A5-8082-A5A372DBD790},{DF7034DC-8D1D-4959-8085-BDB8FCEA547C}
{4891DBDA-5C41-43D7-AEEA-A5FEBC56FCC4},t2,dd,ssss,Female,{B4E50D03-A328-49F0-8BA4-2E9914264445},dfdsf,344,,a@a.com,,,1,0,2019-03-18 21:46:37.470000000,{4891DBDA-5C41-43D7-AEEA-A5FEBC56FCC4},2019-03-18 21:46:37.470000000,{4891DBDA-5C41-43D7-AEEA-A5FEBC56FCC4},{243BB50B-0F3C-4941-A5CF-FDCB5779C7EB}
{AF876FFF-2E37-491D-B231-AF1B7A08833C},Ishan,,Dhakal,Male,{B4E50D03-A328-49F0-8BA4-2E9914264445},Some Job Title,4521212000,,,,,1,0,2019-04-09 21:50:39.013000000,{AF876FFF-2E37-491D-B231-AF1B7A08833C},2019-04-09 21:50:39.013000000,{AF876FFF-2E37-491D-B231-AF1B7A08833C},{2FB790CB-6691-4D03-A733-CF4CC2D6773C}
{BC4E6946-5202-4D1C-A3E5-AF1CC179AE7B},hjh,,jhhj,Male,{B4E50D03-A328-49F0-8BA4-2E9914264445},hjhj,98465416,,,,,1,0,2019-04-11 15:31:46.793000000,{BC4E6946-5202-4D1C-A3E5-AF1CC179AE7B},2019-04-11 15:31:46.793000000,{BC4E6946-5202-4D1C-A3E5-AF1CC179AE7B},{2FB790CB-6691-4D03-A733-CF4CC2D6773C}
{C2759730-38D1-4A9D-BF5A-B3E12616A4D3},Santosh,B,Aryal,Male,{B4E50D03-A328-49F0-8BA4-2E9914264445},Some Job Title,6628019451,,test@xylontech.com,,No Notes,1,0,2019-03-28 10:23:23.980000000,{C2759730-38D1-4A9D-BF5A-B3E12616A4D3},2019-03-28 10:23:23.980000000,{C2759730-38D1-4A9D-BF5A-B3E12616A4D3},{5F3188FE-E70C-4738-9586-4903D5C322AF}
{E49ADC2B-7E26-424A-A9F4-B49EA83A000D},Santosh,,Aryal,Male,{833751F9-7F50-4AD6-977A-9900B6D296C5},No Job Title,6628019451,,,,,1,0,2019-04-09 11:45:42.503000000,{E49ADC2B-7E26-424A-A9F4-B49EA83A000D},2019-04-09 11:45:42.503000000,{E49ADC2B-7E26-424A-A9F4-B49EA83A000D},{C76EC759-633B-4853-974E-BDC8CF787540}
{BAE28A32-BC9F-4088-8BCD-B50F4F7CA15D},Test,,Test,Female,{B4E50D03-A328-49F0-8BA4-2E9914264445},Contractor,,,,,,1,0,2019-05-27 17:51:56.357000000,{9E685151-BF7D-452A-8FD2-99EB289BFF7B},2019-05-27 17:51:56.357000000,{3774316B-3C0D-4471-A56B-5BE3CC63604B},{422122E3-FFAD-4C63-8043-0630F1E9F3B1}
{9EEC774D-01B6-4EAA-8B02-B746B1C5D9ED},as,sad,sa,Female,{833751F9-7F50-4AD6-977A-9900B6D296C5},sa,98489418,,asdas@g.com,,asdasdsa,0,0,2019-03-11 16:47:44.923000000,{9EEC774D-01B6-4EAA-8B02-B746B1C5D9ED},2019-03-11 16:53:10.687000000,{50FAB585-C32A-4D89-B642-012E34B96D2D},{BBA279C7-B6B0-4B97-BA97-6B98C5EC169A}
{B90A0B51-D7D1-4598-9A5F-B8ACF82CD103},asdasd,asd,asd,Male,{B4E50D03-A328-49F0-8BA4-2E9914264445},as,98494666,656566566,s@g.com,,adasdsdf,0,0,2019-03-08 12:34:42.407000000,{B90A0B51-D7D1-4598-9A5F-B8ACF82CD103},2019-03-08 12:34:57.610000000,{50FAB585-C32A-4D89-B642-012E34B96D2D},{BBA279C7-B6B0-4B97-BA97-6B98C5EC169A}
{F008EE63-BBE0-47D9-BB2B-B9DB6B0CCC06},Lisa,,Andrew,Female,{B4E50D03-A328-49F0-8BA4-2E9914264445},Manager,212567221,,,,,1,0,2019-04-15 17:50:29.527000000,{F008EE63-BBE0-47D9-BB2B-B9DB6B0CCC06},2019-04-15 17:50:29.527000000,{F008EE63-BBE0-47D9-BB2B-B9DB6B0CCC06},{CAB458E0-9F9B-47E4-97D7-0C6F09D454F5}
{BDD5F951-B722-46C2-B8F0-C7F90767FD8A},k;kk,,kjkj,Female,{B4E50D03-A328-49F0-8BA4-2E9914264445},jkjk,5565151,,,,,1,0,2019-04-11 15:19:27.660000000,{BDD5F951-B722-46C2-B8F0-C7F90767FD8A},2019-04-11 15:19:27.660000000,{BDD5F951-B722-46C2-B8F0-C7F90767FD8A},{F16B93D7-F6DD-4981-8E82-E29A755BC0F7}
{29CA9CD5-150C-4C8A-BE55-C8903A65C035},l,,op,Male,{833751F9-7F50-4AD6-977A-9900B6D296C5},asda,9313,,asda@g.com,,,1,0,2019-03-19 14:49:57.850000000,{29CA9CD5-150C-4C8A-BE55-C8903A65C035},2019-03-19 14:49:57.850000000,{29CA9CD5-150C-4C8A-BE55-C8903A65C035},{DF7034DC-8D1D-4959-8085-BDB8FCEA547C}
{56B7BD0A-7157-4375-A636-D316D2AC1528},new,contract,representative,Female,{B4E50D03-A328-49F0-8BA4-2E9914264445},sdfdf,95113,,dds@G.COM,,ASDASD,1,0,2019-04-01 14:48:55.810000000,{56B7BD0A-7157-4375-A636-D316D2AC1528},2019-04-01 14:48:55.810000000,{56B7BD0A-7157-4375-A636-D316D2AC1528},{06815522-A334-4066-A21F-2B399DAA9741}
{EB09C892-663C-495F-8C3E-D541ABD2F1BD},hghg,,gh,Others,{B4E50D03-A328-49F0-8BA4-2E9914264445},gh,4445,,,,,1,0,2019-04-11 15:29:50.100000000,{EB09C892-663C-495F-8C3E-D541ABD2F1BD},2019-04-11 15:29:50.100000000,{EB09C892-663C-495F-8C3E-D541ABD2F1BD},{F16B93D7-F6DD-4981-8E82-E29A755BC0F7}
{5CA919A0-E9C7-4CA3-B75E-D8BC2D1DAD7E},yu,,iuui,Female,{B4E50D03-A328-49F0-8BA4-2E9914264445},uiu,4444,,,,,1,0,2019-04-11 15:29:07.243000000,{5CA919A0-E9C7-4CA3-B75E-D8BC2D1DAD7E},2019-04-11 15:29:07.243000000,{5CA919A0-E9C7-4CA3-B75E-D8BC2D1DAD7E},{F16B93D7-F6DD-4981-8E82-E29A755BC0F7}
{67292F21-7AF0-438E-90FA-DB899C4E1FCB},Robert,,Ingram,Male,{B4E50D03-A328-49F0-8BA4-2E9914264445},Secretary,976890654,,,,,1,0,2019-04-15 18:14:28.093000000,{67292F21-7AF0-438E-90FA-DB899C4E1FCB},2019-04-15 18:14:28.093000000,{67292F21-7AF0-438E-90FA-DB899C4E1FCB},{44CCB49B-B1EF-4141-8A03-FC44FB6386FD}
{659F0A2E-21B4-4F20-8C05-DC16D14C6362},jjjj,,jjj,Female,{B4E50D03-A328-49F0-8BA4-2E9914264445},jj,84445,,,,,1,0,2019-04-11 15:18:21.943000000,{659F0A2E-21B4-4F20-8C05-DC16D14C6362},2019-04-11 15:18:21.943000000,{659F0A2E-21B4-4F20-8C05-DC16D14C6362},{F16B93D7-F6DD-4981-8E82-E29A755BC0F7}
{DD7DEF4E-C68A-4D4A-AE56-DDA44B3DA786},nn,a,n,Male,{B4E50D03-A328-49F0-8BA4-2E9914264445},jobtitl,9849159,,asd@g.com,,asdsadasd,0,0,2019-03-11 15:37:50.807000000,{DD7DEF4E-C68A-4D4A-AE56-DDA44B3DA786},2019-03-11 16:50:48.277000000,{50FAB585-C32A-4D89-B642-012E34B96D2D},{BBA279C7-B6B0-4B97-BA97-6B98C5EC169A}
{3B84CC09-B14E-4D9A-B81A-E3294E7CBF83},Sima,,Thakuri,,{6423D75E-5C08-4D7B-9C39-AA0845D39577},,,,,,,1,0,2019-06-05 00:40:16.523000000,{920EA36E-911C-4345-8BE5-29C190C8E5C5},2019-06-05 00:40:16.523000000,{920EA36E-911C-4345-8BE5-29C190C8E5C5},{4DE875D6-035A-4F99-8901-3B98F53A8A61}
{7AC9AF72-9E7D-48AB-9AB2-E33C07CA12C6},secon,,test,Female,{833751F9-7F50-4AD6-977A-9900B6D296C5},dasd,9816,,asd@g.com,,asd,1,0,2019-03-26 14:05:52.237000000,{7AC9AF72-9E7D-48AB-9AB2-E33C07CA12C6},2019-03-26 14:05:52.237000000,{7AC9AF72-9E7D-48AB-9AB2-E33C07CA12C6},{436BDAC1-C58C-4D61-A6F3-12F7BD162124}
{4FFB1915-727B-4114-8D1B-E411F1B0F9CF},kljk,,jkjk,Female,{B4E50D03-A328-49F0-8BA4-2E9914264445},jkjk,411,,,,,1,0,2019-04-11 15:21:58.410000000,{4FFB1915-727B-4114-8D1B-E411F1B0F9CF},2019-04-11 15:21:58.410000000,{4FFB1915-727B-4114-8D1B-E411F1B0F9CF},{C76EC759-633B-4853-974E-BDC8CF787540}
{FB846B19-04AD-40A0-825F-E599EBEB37AD},First Name,Middle Name,Last Name,Male,{B4E50D03-A328-49F0-8BA4-2E9914264445},Job Title,Phone Number,,"Email@Address.com
Alternative@Email.com",,,1,0,2019-05-30 03:34:33.723000000,{920EA36E-911C-4345-8BE5-29C190C8E5C5},2019-05-30 03:34:33.723000000,{920EA36E-911C-4345-8BE5-29C190C8E5C5},{EA835A84-BFBA-41F1-BBAF-CD596FAB1685}
{D4268B71-5246-45D5-9464-E8526DCF1E24},name,,last,Male,{B4E50D03-A328-49F0-8BA4-2E9914264445},joobs,984981,,sadas@g.com,,sadsadasd,1,0,2019-03-11 16:37:46.773000000,{D4268B71-5246-45D5-9464-E8526DCF1E24},2019-03-11 16:37:46.773000000,{D4268B71-5246-45D5-9464-E8526DCF1E24},{BBA279C7-B6B0-4B97-BA97-6B98C5EC169A}
{5056D1D4-D62E-42B8-ADAD-EC6A6AFD91D3},dfd,fd,f,Male,{833751F9-7F50-4AD6-977A-9900B6D296C5},fdd,9846162123,,sds@g.com,,,1,0,2019-04-01 14:49:11.907000000,{5056D1D4-D62E-42B8-ADAD-EC6A6AFD91D3},2019-04-01 14:49:11.907000000,{5056D1D4-D62E-42B8-ADAD-EC6A6AFD91D3},{06815522-A334-4066-A21F-2B399DAA9741}
{360E3120-4A08-40C5-AD39-F4EEA3082619},Mary,,Atkins,Female,{B4E50D03-A328-49F0-8BA4-2E9914264445},Executive Assistant,9075550174,,,,,1,0,2019-04-15 16:41:24.190000000,{360E3120-4A08-40C5-AD39-F4EEA3082619},2019-04-15 16:41:24.190000000,{360E3120-4A08-40C5-AD39-F4EEA3082619},{D057526D-56B7-4AEB-AB30-DAA0C05ACC0D}
{D99D554F-DA07-4AB0-8C4F-FC8C6311E363},dadaaadad,,asdfas,Male,{B4E50D03-A328-49F0-8BA4-2E9914264445},aasd,654165,,,,,0,0,2019-04-11 15:20:35.300000000,{D99D554F-DA07-4AB0-8C4F-FC8C6311E363},2019-04-11 15:20:35.940000000,{D99D554F-DA07-4AB0-8C4F-FC8C6311E363},{C76EC759-633B-4853-974E-BDC8CF787540}
{5A48238F-B070-4C0C-A9BC-FCDF6961704A},j,,j,Male,{6423D75E-5C08-4D7B-9C39-AA0845D39577},ksndlkas,98419816,,AKNSKJAS@G.COM,,sadnsakd,1,0,2019-03-12 10:53:58.850000000,{5A48238F-B070-4C0C-A9BC-FCDF6961704A},2019-03-12 10:53:58.850000000,{5A48238F-B070-4C0C-A9BC-FCDF6961704A},{BBA279C7-B6B0-4B97-BA97-6B98C5EC169A}
